Folder,Files,LOC,SLOC-P,SLOC-L,MVG,BLOC,C&SLOC,CLOC,CWORD,HCLOC,HCWORD
Total,18,1039,727,548,57,262,0,50,225,0,0
C:\Users\Dylan\git\MusicGame,18,1039,727,548,57,262,0,50,225,0,0
C:\Users\Dylan\git\MusicGame\Beats,18,1039,727,548,57,262,0,50,225,0,0
C:\Users\Dylan\git\MusicGame\Beats\src,18,1039,727,548,57,262,0,50,225,0,0
C:\Users\Dylan\git\MusicGame\Beats\src\net,18,1039,727,548,57,262,0,50,225,0,0
C:\Users\Dylan\git\MusicGame\Beats\src\net\Ephyxia,18,1039,727,548,57,262,0,50,225,0,0
C:\Users\Dylan\git\MusicGame\Beats\src\net\Ephyxia\Beats,18,1039,727,548,57,262,0,50,225,0,0
C:\Users\Dylan\git\MusicGame\Beats\src\net\Ephyxia\Beats\GUI,6,269,180,122,13,77,0,12,64,0,0
C:\Users\Dylan\git\MusicGame\Beats\src\net\Ephyxia\Beats\Songs,2,174,131,101,12,40,0,3,11,0,0
C:\Users\Dylan\git\MusicGame\Beats\src\net\Ephyxia\Beats\StateManager,6,401,274,208,24,104,0,23,109,0,0
C:\Users\Dylan\git\MusicGame\Beats\src\net\Ephyxia\Beats\Utils,1,60,49,41,4,11,0,0,0,0,0
